"3615769","12075","2015-11-26 01:46:38"
"3615768","19175","2015-11-26 01:43:51"
"3615768","19175","2015-11-26 01:42:20"
"3575155","21107","2015-11-26 01:41:10"
"1100417","14157","2015-11-26 01:36:04"
"1100417","13528","2015-11-26 01:36:04"
"1693737","13187","2015-11-26 01:35:07"
"1100417","14157","2015-11-26 01:32:26"
"1100417","13528","2015-11-26 01:32:26"
"3615765","15086","2015-11-26 01:25:32"
"3615765","15085","2015-11-26 01:25:32"
"3606577","20885","2015-11-26 01:20:58"
"3615764","14846","2015-11-26 01:20:19"
"3615761","11771","2015-11-26 01:15:54"
"3615717","20321","2015-11-26 01:15:53"
"1947304","11233","2015-11-26 01:13:38"
"3615760","17154","2015-11-26 01:12:30"
"3615760","19511","2015-11-26 01:12:30"
"3615756","20297","2015-11-26 01:00:25"
"3615753","2754","2015-11-26 00:57:49"
"3615755","5254","2015-11-26 00:56:35"
"3615756","20297","2015-11-26 00:54:07"
"919404","4680","2015-11-26 00:51:14"
"508955","17869","2015-11-26 00:49:18"
"3615751","8768","2015-11-26 00:47:15"
"3615750","13312","2015-11-26 00:43:06"
"3615748","19706","2015-11-26 00:41:42"
"3615700","20885","2015-11-26 00:39:49"
"3615747","13062","2015-11-26 00:39:29"
"3615746","19827","2015-11-26 00:39:13"
"3615745","15068","2015-11-26 00:36:19"
"3615744","17495","2015-11-26 00:35:36"
"508955","13949","2015-11-26 00:34:23"
"3615743","14134","2015-11-26 00:30:58"
"3615741","12084","2015-11-26 00:27:21"
"3615737","1869","2015-11-26 00:25:43"
"3615740","20488","2015-11-26 00:25:25"
"1807371","14350","2015-11-26 00:23:57"
"1807371","16371","2015-11-26 00:23:57"
"177591","10028","2015-11-26 00:23:55"
"508955","13685","2015-11-26 00:23:44"
"932420","18447","2015-11-26 00:22:44"
"177591","10028","2015-11-26 00:22:15"
"3615739","14643","2015-11-26 00:17:43"
"284504","2155","2015-11-26 00:14:02"
"3615738","11245","2015-11-26 00:13:04"
"3615736","4011","2015-11-26 00:11:50"
"3615735","15320","2015-11-26 00:05:24"
"282820","2155","2015-11-26 00:04:01"
"3615734","2182","2015-11-26 00:03:48"
"3615732","14453","2015-11-26 00:00:32"
"3615726","15430","2015-11-25 23:59:10"
"2291835","17804","2015-11-25 23:57:22"
"3615729","16846","2015-11-25 23:56:43"
"3615729","12551","2015-11-25 23:56:43"
"3613333","15068","2015-11-25 23:55:56"
"1789309","11233","2015-11-25 23:54:15"
"3615727","13903","2015-11-25 23:53:23"
"3615592","13845","2015-11-25 23:52:25"
"3615725","12789","2015-11-25 23:52:10"
"3615693","12478","2015-11-25 23:51:30"
"953190","11275","2015-11-25 23:49:38"
"3493378","12694","2015-11-25 23:47:52"
"1185163","13372","2015-11-25 23:46:18"
"2218396","13227","2015-11-25 23:44:06"
"2218396","2155","2015-11-25 23:44:06"
"3615720","5746","2015-11-25 23:40:05"
"3608345","12472","2015-11-25 23:39:09"
"3615716","20543","2015-11-25 23:36:16"
"3615715","10788","2015-11-25 23:35:52"
"3615715","12281","2015-11-25 23:35:52"
"3615714","15813","2015-11-25 23:34:37"
"2582491","2156","2015-11-25 23:33:07"
"2582491","13886","2015-11-25 23:33:07"
"3615712","4382","2015-11-25 23:31:27"
"3602664","20885","2015-11-25 23:27:01"
"3615708","14783","2015-11-25 23:26:18"
"3615708","11094","2015-11-25 23:26:18"
"3615709","20812","2015-11-25 23:26:17"
"809725","5724","2015-11-25 23:25:08"
"3615706","2433","2015-11-25 23:23:59"
"3612626","20885","2015-11-25 23:22:56"
"3612807","17387","2015-11-25 23:22:39"
"3615705","2951","2015-11-25 23:22:04"
"3615702","13880","2015-11-25 23:19:50"
"2611506","4117","2015-11-25 23:18:46"
"3613308","20885","2015-11-25 23:18:19"
"3615701","11982","2015-11-25 23:16:14"
"3615698","2433","2015-11-25 23:13:27"
"2272426","11180","2015-11-25 23:11:36"
"1973985","14274","2015-11-25 23:11:34"
"1895576","2950","2015-11-25 23:11:25"
"3615692","2963","2015-11-25 23:10:56"
"3615687","15828","2015-11-25 23:10:40"
"1895576","2950","2015-11-25 23:10:12"
"3615696","2555","2015-11-25 23:10:01"
"3615694","13539","2015-11-25 23:08:47"
"3615694","11300","2015-11-25 23:08:47"
"1895576","2963","2015-11-25 23:08:34"
"3615693","12476","2015-11-25 23:08:31"
"3615692","2951","2015-11-25 23:08:21"
"3615691","18951","2015-11-25 23:08:12"
"718367","11245","2015-11-25 23:08:09"
"508955","14433","2015-11-25 23:07:28"
"2120041","20885","2015-11-25 23:06:41"
"3615689","4570","2015-11-25 23:05:52"
"3615688","11271","2015-11-25 23:05:48"
"1895576","4570","2015-11-25 23:05:40"
"3615674","20992","2015-11-25 23:05:32"
"3615674","20990","2015-11-25 23:05:32"
"3615674","19622","2015-11-25 23:05:32"
"3615686","16580","2015-11-25 23:03:34"
"508955","15533","2015-11-25 23:02:38"
"3615684","13547","2015-11-25 23:02:35"
"508955","14433","2015-11-25 23:01:20"
"3615683","12476","2015-11-25 23:01:09"
"508955","11348","2015-11-25 23:00:26"
"3611317","20885","2015-11-25 22:59:36"
"3615682","17824","2015-11-25 22:59:32"
"3615681","11355","2015-11-25 22:59:29"
"3615680","11241","2015-11-25 22:58:43"
"3615679","13833","2015-11-25 22:58:35"
"3615677","11245","2015-11-25 22:58:06"
"3615671","12580","2015-11-25 22:56:43"
"3615673","2997","2015-11-25 22:56:35"
"3615670","13995","2015-11-25 22:55:55"
"3615670","13528","2015-11-25 22:55:55"
"1816431","20992","2015-11-25 22:55:36"
"1816431","20990","2015-11-25 22:55:36"
"1816431","19622","2015-11-25 22:55:36"
"3615668","18819","2015-11-25 22:55:22"
"197590","1604","2015-11-25 22:55:19"
"3615667","4368","2015-11-25 22:55:12"
"3615666","11891","2015-11-25 22:55:10"
"3615666","18584","2015-11-25 22:55:10"
"3615665","20011","2015-11-25 22:54:57"
"3397497","17201","2015-11-25 22:53:50"
"3397497","20665","2015-11-25 22:53:50"
"3615664","15518","2015-11-25 22:53:46"
"3615656","2040","2015-11-25 22:53:12"
"3615663","12480","2015-11-25 22:51:39"
"3615662","11061","2015-11-25 22:51:02"
"2036838","15438","2015-11-25 22:50:24"
"2036838","15659","2015-11-25 22:50:24"
"3615660","20190","2015-11-25 22:50:15"
"3615659","11418","2015-11-25 22:49:27"
"3615658","15885","2015-11-25 22:48:59"
"3615658","12003","2015-11-25 22:48:59"
"3615657","14274","2015-11-25 22:48:33"
"970888","14499","2015-11-25 22:48:30"
"1421079","11959","2015-11-25 22:48:14"
"3615656","2040","2015-11-25 22:47:16"
"508955","16709","2015-11-25 22:47:06"
"3615645","20885","2015-11-25 22:46:29"
"3615654","19590","2015-11-25 22:46:19"
"2795959","5746","2015-11-25 22:46:16"
"897741","20885","2015-11-25 22:45:57"
"3615652","20044","2015-11-25 22:45:25"
"426396","1992","2015-11-25 22:45:12"
"409386","17732","2015-11-25 22:45:09"
"897741","20885","2015-11-25 22:44:34"
"3615649","11697","2015-11-25 22:44:02"
"3615649","15837","2015-11-25 22:44:02"
"3615647","2428","2015-11-25 22:42:11"
"508955","13745","2015-11-25 22:41:08"
"3615645","20885","2015-11-25 22:40:54"
"3567259","14886","2015-11-25 22:39:43"
"508955","18070","2015-11-25 22:38:56"
"3615634","2951","2015-11-25 22:38:22"
"2197052","11878","2015-11-25 22:37:50"
"3615644","11245","2015-11-25 22:37:37"
"3615643","2951","2015-11-25 22:37:19"
"3611669","11245","2015-11-25 22:36:13"
"3615612","20885","2015-11-25 22:36:11"
"3439208","13804","2015-11-25 22:35:44"
"3615642","16266","2015-11-25 22:35:41"
"3613425","12003","2015-11-25 22:35:38"
"3613425","14668","2015-11-25 22:35:38"
"3615641","13504","2015-11-25 22:35:28"
"1656365","12492","2015-11-25 22:35:18"
"3615640","19188","2015-11-25 22:34:21"
"3222016","17221","2015-11-25 22:34:14"
"3609108","5517","2015-11-25 22:33:10"
"3615637","13358","2015-11-25 22:33:07"
"3615635","20885","2015-11-25 22:32:51"
"3615362","20885","2015-11-25 22:32:40"
"1616613","8768","2015-11-25 22:32:14"
"3615634","2951","2015-11-25 22:31:57"
"508955","19369","2015-11-25 22:31:49"
"508955","11598","2015-11-25 22:31:48"
"3615633","11233","2015-11-25 22:31:30"
"3477587","17683","2015-11-25 22:31:12"
"1656365","12492","2015-11-25 22:31:00"
"1656365","17340","2015-11-25 22:31:00"
"426396","1992","2015-11-25 22:30:58"
"3615631","20011","2015-11-25 22:30:55"
"3615630","4368","2015-11-25 22:30:52"
"1906672","15584","2015-11-25 22:30:42"
"1906672","12003","2015-11-25 22:30:42"
"775520","12476","2015-11-25 22:30:23"
"1754535","15444","2015-11-25 22:29:57"
"3615628","11982","2015-11-25 22:28:52"
"3615623","18951","2015-11-25 22:26:43"
"3615612","20885","2015-11-25 22:26:37"
"3615626","2182","2015-11-25 22:26:20"
"3615623","18951","2015-11-25 22:25:45"
"1467986","16743","2015-11-25 22:25:12"
"3615617","11078","2015-11-25 22:25:11"
"3615620","17281","2015-11-25 22:24:24"
"856541","17516","2015-11-25 22:24:19"
"3615619","14134","2015-11-25 22:24:14"
"3605636","14886","2015-11-25 22:24:03"
"3615612","20885","2015-11-25 22:23:56"
"1821653","12281","2015-11-25 22:23:14"
"3615531","12281","2015-11-25 22:23:12"
"3615618","1992","2015-11-25 22:22:58"
"3615609","1336","2015-11-25 22:22:34"
"3615617","11078","2015-11-25 22:22:25"
"3615606","20885","2015-11-25 22:22:18"
"1259912","20885","2015-11-25 22:21:33"
"457177","12472","2015-11-25 22:20:48"
"643693","13507","2015-11-25 22:20:48"
"3615614","19892","2015-11-25 22:20:30"
"3615613","20011","2015-11-25 22:20:12"
"3615611","10403","2015-11-25 22:20:08"
"3615607","14350","2015-11-25 22:19:24"
"508955","19692","2015-11-25 22:18:34"
"388299","13311","2015-11-25 22:17:59"
"3615605","20037","2015-11-25 22:17:52"
"3615604","15062","2015-11-25 22:17:21"
"3615602","2951","2015-11-25 22:16:37"
"3615601","12472","2015-11-25 22:16:25"
"3615600","20713","2015-11-25 22:15:36"
"3615599","11245","2015-11-25 22:15:20"
"1974265","14291","2015-11-25 22:14:32"
"3615595","15914","2015-11-25 22:14:06"
"3615594","19357","2015-11-25 22:14:02"
"3615593","11837","2015-11-25 22:14:01"
"388299","13311","2015-11-25 22:13:12"
"388299","9363","2015-11-25 22:13:12"
"3615587","15652","2015-11-25 22:12:14"
"3615586","13498","2015-11-25 22:11:20"
"2066974","4572","2015-11-25 22:11:03"
"3236602","1398","2015-11-25 22:10:49"
"3615578","11245","2015-11-25 22:09:23"
"1577741","13834","2015-11-25 22:08:46"
"2066974","14013","2015-11-25 22:08:45"
"72650","4382","2015-11-25 22:08:39"
"2066974","17746","2015-11-25 22:07:22"
"3615579","21046","2015-11-25 22:06:53"
"2066974","19903","2015-11-25 22:06:51"
"905520","11982","2015-11-25 22:06:24"
"3615576","11245","2015-11-25 22:05:25"
"2066974","16822","2015-11-25 22:05:13"
"2066974","12562","2015-11-25 22:05:00"
"1259912","20885","2015-11-25 22:04:58"
"3615537","11271","2015-11-25 22:04:52"
"294877","8797","2015-11-25 22:04:38"
"2066974","18055","2015-11-25 22:04:29"
"2066974","21162","2015-11-25 22:03:55"
"2458454","20463","2015-11-25 22:03:54"
"1296950","20843","2015-11-25 22:02:01"
"2066974","16235","2015-11-25 22:02:01"
"3615573","20885","2015-11-25 22:01:57"
"3615572","20885","2015-11-25 22:01:55"
"2066974","21121","2015-11-25 22:01:39"
"3335744","2040","2015-11-25 22:01:38"
"2066974","11158","2015-11-25 22:01:26"
"3615477","2950","2015-11-25 22:01:23"
"3615572","20885","2015-11-25 22:01:00"
"3615571","4570","2015-11-25 22:00:51"
"2066974","15783","2015-11-25 22:00:40"
"3615570","17201","2015-11-25 22:00:33"
"3615570","20665","2015-11-25 22:00:33"
"3615569","12213","2015-11-25 22:00:28"
"3615568","20190","2015-11-25 22:00:04"
"3615567","13017","2015-11-25 21:59:40"
"2066974","13867","2015-11-25 21:59:32"
"2066974","13867","2015-11-25 21:59:24"
"3615566","15484","2015-11-25 21:58:42"
"2066974","13829","2015-11-25 21:58:37"
"3615565","1410","2015-11-25 21:58:16"
"3615565","7907","2015-11-25 21:58:16"
"2066974","21295","2015-11-25 21:58:03"
"3615564","20047","2015-11-25 21:57:31"
"3615563","13504","2015-11-25 21:57:27"
"2066974","15280","2015-11-25 21:57:20"
"2066974","15365","2015-11-25 21:57:10"
"2066974","11899","2015-11-25 21:57:06"
"2066974","15115","2015-11-25 21:57:04"
"3615561","15728","2015-11-25 21:56:13"
"3615560","19229","2015-11-25 21:56:00"
"2066974","17847","2015-11-25 21:55:32"
"508955","19438","2015-11-25 21:55:26"
"3615559","15843","2015-11-25 21:55:21"
"17720","20885","2015-11-25 21:55:17"
"3615554","11271","2015-11-25 21:54:45"
"3614210","11245","2015-11-25 21:54:34"
"2066974","16946","2015-11-25 21:54:20"
"2066974","19171","2015-11-25 21:54:16"
"2066974","4436","2015-11-25 21:53:49"
"3032474","2951","2015-11-25 21:53:43"
"3615557","11241","2015-11-25 21:53:42"
"3615556","11378","2015-11-25 21:53:34"
"3615555","14921","2015-11-25 21:52:49"
"3615553","12472","2015-11-25 21:52:39"
"3615552","2432","2015-11-25 21:52:33"
"2066974","13019","2015-11-25 21:52:32"
"2066974","19886","2015-11-25 21:52:32"
"2066974","16599","2015-11-25 21:51:55"
"2066974","13837","2015-11-25 21:51:07"
"508955","15533","2015-11-25 21:51:07"
"1046551","12476","2015-11-25 21:50:46"
"3615551","14182","2015-11-25 21:50:42"
"2813540","15438","2015-11-25 21:50:40"
"2813540","15659","2015-11-25 21:50:40"
"3615549","20843","2015-11-25 21:50:37"
"3486248","9754","2015-11-25 21:50:26"
"3615548","13013","2015-11-25 21:50:24"
"2066974","13867","2015-11-25 21:49:53"
"3606120","20485","2015-11-25 21:49:48"
"3615547","16599","2015-11-25 21:49:10"
"3615546","12472","2015-11-25 21:49:02"
"2066974","18767","2015-11-25 21:49:00"
"1667589","2963","2015-11-25 21:48:47"
"2066974","11792","2015-11-25 21:48:28"
"3615545","20885","2015-11-25 21:48:25"
"3606511","18637","2015-11-25 21:48:09"
"3615544","20190","2015-11-25 21:48:07"
"3615543","17854","2015-11-25 21:48:02"
"3615542","14274","2015-11-25 21:47:59"
"3236799","13302","2015-11-25 21:47:29"
"2066974","13964","2015-11-25 21:47:17"
"2066974","13174","2015-11-25 21:46:52"
"2066974","8371","2015-11-25 21:46:37"
"3615541","11598","2015-11-25 21:46:35"
"429153","7658","2015-11-25 21:46:33"
"3615540","11918","2015-11-25 21:46:21"
"2232766","15664","2015-11-25 21:46:21"
"3615539","20190","2015-11-25 21:45:51"
"2066974","13597","2015-11-25 21:45:38"
"3615532","19571","2015-11-25 21:44:36"
"3615536","20957","2015-11-25 21:44:31"
"2066974","13597","2015-11-25 21:44:12"
"3615535","11245","2015-11-25 21:43:57"
"2461501","11271","2015-11-25 21:43:55"
"3615534","11245","2015-11-25 21:43:54"
"2066974","19798","2015-11-25 21:43:43"
"3507568","12476","2015-11-25 21:43:24"
"3615533","14600","2015-11-25 21:43:00"
"2066974","14502","2015-11-25 21:42:52"
"3615529","15439","2015-11-25 21:42:43"
"3615532","19571","2015-11-25 21:42:43"
"3615530","18759","2015-11-25 21:42:30"
"3615527","16535","2015-11-25 21:42:25"
"3615528","6534","2015-11-25 21:42:13"
"2066974","14089","2015-11-25 21:42:08"
"3342526","9566","2015-11-25 21:41:58"
"2066974","19833","2015-11-25 21:41:51"
"2066974","14558","2015-11-25 21:41:09"
"508955","20031","2015-11-25 21:41:02"
"3592766","16882","2015-11-25 21:40:50"
"3615526","11245","2015-11-25 21:40:37"
"3615525","21143","2015-11-25 21:40:31"
"2066974","11732","2015-11-25 21:40:04"
"2066974","14558","2015-11-25 21:39:59"
"2066974","17416","2015-11-25 21:39:32"
"3615524","11982","2015-11-25 21:39:25"
"3318706","9754","2015-11-25 21:39:20"
"3615523","11245","2015-11-25 21:39:06"
"3615513","18759","2015-11-25 21:39:01"
"2461466","11271","2015-11-25 21:38:49"
"3615522","12763","2015-11-25 21:38:30"
"444933","9566","2015-11-25 21:37:37"
"2066974","4570","2015-11-25 21:37:37"
"3615319","14274","2015-11-25 21:37:12"
"3615520","11363","2015-11-25 21:37:11"
"2066974","4472","2015-11-25 21:37:09"
"1900427","1992","2015-11-25 21:37:02"
"3612099","20885","2015-11-25 21:36:50"
"3615519","12619","2015-11-25 21:36:44"
"120643","2744","2015-11-25 21:36:35"
"3615518","16192","2015-11-25 21:36:32"
"2066974","4570","2015-11-25 21:36:30"
"3615516","11241","2015-11-25 21:36:20"
"2066974","20391","2015-11-25 21:36:13"
"3615515","15569","2015-11-25 21:36:04"
"3615514","15481","2015-11-25 21:35:59"
"3615513","18759","2015-11-25 21:35:57"
"3615512","2182","2015-11-25 21:35:41"
"2066974","4490","2015-11-25 21:35:13"
"2066974","13867","2015-11-25 21:35:06"
"3615511","20843","2015-11-25 21:35:01"
"2066974","19244","2015-11-25 21:34:16"
"2066974","13867","2015-11-25 21:33:53"
"3615510","21246","2015-11-25 21:33:51"
"2461457","11271","2015-11-25 21:33:31"
"3615509","11241","2015-11-25 21:33:14"
"2066974","18076","2015-11-25 21:33:11"
"2066974","1869","2015-11-25 21:33:08"
"1818430","11842","2015-11-25 21:32:54"
"3615173","4382","2015-11-25 21:32:51"
"1185163","13372","2015-11-25 21:32:42"
"3446236","15857","2015-11-25 21:32:38"
"2066974","12826","2015-11-25 21:32:27"
"3615173","4382","2015-11-25 21:31:59"
"2066974","15363","2015-11-25 21:31:48"
"1506322","20885","2015-11-25 21:31:44"
"3615506","12625","2015-11-25 21:31:33"
"3615505","20843","2015-11-25 21:30:58"
"2066974","18331","2015-11-25 21:30:27"
"3615503","20990","2015-11-25 21:30:17"
"3615503","19622","2015-11-25 21:30:17"
"3615503","20992","2015-11-25 21:30:17"
"3615499","18494","2015-11-25 21:30:15"
"2066974","14843","2015-11-25 21:30:10"
"3615501","4570","2015-11-25 21:30:06"
"2066974","21312","2015-11-25 21:29:59"
"2066974","18888","2015-11-25 21:29:31"
"3615498","11245","2015-11-25 21:29:27"
"3615497","11207","2015-11-25 21:29:08"
"2066974","15365","2015-11-25 21:29:02"
"3613286","14444","2015-11-25 21:28:43"
"3615494","13208","2015-11-25 21:28:35"
"2066974","14371","2015-11-25 21:28:29"
"1205010","20284","2015-11-25 21:28:25"
"2066974","12071","2015-11-25 21:28:23"
"3615492","19730","2015-11-25 21:28:16"
"3490539","20885","2015-11-25 21:28:12"
"3615491","11245","2015-11-25 21:28:12"
"3615490","11241","2015-11-25 21:28:07"
"3613939","2950","2015-11-25 21:27:45"
"3615487","20992","2015-11-25 21:27:26"
"3615487","19622","2015-11-25 21:27:26"
"3615487","20990","2015-11-25 21:27:26"
"3615485","13547","2015-11-25 21:27:03"
"1154618","13196","2015-11-25 21:27:02"
"1154618","10413","2015-11-25 21:26:56"
"1938336","20885","2015-11-25 21:26:32"
"3364785","20885","2015-11-25 21:26:29"
"3615483","12480","2015-11-25 21:26:21"
"2066974","17161","2015-11-25 21:26:20"
"3615417","17622","2015-11-25 21:26:13"
"1816431","19549","2015-11-25 21:26:07"
"2066974","13829","2015-11-25 21:25:57"
"3613938","2950","2015-11-25 21:25:20"
"3615478","4812","2015-11-25 21:24:24"
"345456","2963","2015-11-25 21:24:17"
"2066974","6323","2015-11-25 21:24:05"
"2066974","11773","2015-11-25 21:22:42"
"3613935","2950","2015-11-25 21:22:32"
"2066974","12980","2015-11-25 21:22:30"
"3615472","14274","2015-11-25 21:22:25"
"3615471","14140","2015-11-25 21:22:20"
"3615470","20118","2015-11-25 21:22:12"
"3615465","11730","2015-11-25 21:22:09"
"3615468","20751","2015-11-25 21:21:52"
"3615467","20885","2015-11-25 21:21:47"
"2802768","11271","2015-11-25 21:20:56"
"224713","20885","2015-11-25 21:20:42"
"3615464","5254","2015-11-25 21:20:25"
"3615463","13092","2015-11-25 21:19:59"
"508955","19692","2015-11-25 21:19:40"
"2066974","12439","2015-11-25 21:19:37"
"224713","20885","2015-11-25 21:19:35"
"2066974","11790","2015-11-25 21:19:29"
"2066974","15151","2015-11-25 21:19:29"
"3615462","11245","2015-11-25 21:19:15"
"2066974","8958","2015-11-25 21:18:53"
"2066974","14434","2015-11-25 21:18:41"
"3615461","11245","2015-11-25 21:18:39"
"3613934","2950","2015-11-25 21:18:38"
"508955","11575","2015-11-25 21:18:36"
"2066974","11796","2015-11-25 21:18:19"
"3615453","12183","2015-11-25 21:17:22"
"3615459","13504","2015-11-25 21:17:12"
"3615458","11358","2015-11-25 21:17:07"
"508955","11575","2015-11-25 21:16:47"
"3615456","13504","2015-11-25 21:16:37"
"2066974","12980","2015-11-25 21:16:26"
"3615454","19549","2015-11-25 21:15:42"
"3615117","2024","2015-11-25 21:15:39"
"2066974","17594","2015-11-25 21:15:22"
"3615453","12183","2015-11-25 21:15:21"
"3615451","12009","2015-11-25 21:15:19"
"1269331","8797","2015-11-25 21:15:10"
"3613933","2950","2015-11-25 21:14:57"
"3615378","12093","2015-11-25 21:14:50"
"2066974","13867","2015-11-25 21:14:39"
"2066974","1869","2015-11-25 21:14:11"
"3615448","4570","2015-11-25 21:14:09"
"3615447","5079","2015-11-25 21:14:05"
"3615446","14895","2015-11-25 21:13:52"
"345456","16125","2015-11-25 21:13:15"
"2066974","16908","2015-11-25 21:13:11"
"2066974","20350","2015-11-25 21:13:11"
"3615445","12672","2015-11-25 21:13:09"
"3615444","21037","2015-11-25 21:13:04"
"3588753","14274","2015-11-25 21:12:52"
"3615443","14635","2015-11-25 21:12:27"
"2066974","14730","2015-11-25 21:12:24"
"2066974","14837","2015-11-25 21:12:19"
"2066974","12071","2015-11-25 21:11:39"
"2066974","11539","2015-11-25 21:11:11"
"3615441","2963","2015-11-25 21:10:57"
"1246151","12889","2015-11-25 21:10:33"
"1246151","14817","2015-11-25 21:10:33"
"3588753","14274","2015-11-25 21:10:31"
"2066974","15365","2015-11-25 21:10:18"
"3585278","13851","2015-11-25 21:10:14"
"3615436","14846","2015-11-25 21:09:48"
"508955","13837","2015-11-25 21:09:26"
"3615434","12281","2015-11-25 21:09:14"
"2066974","18789","2015-11-25 21:08:54"
"2066974","12349","2015-11-25 21:08:35"
"3615431","8606","2015-11-25 21:08:28"
"3615429","19452","2015-11-25 21:08:22"
"2066974","17203","2015-11-25 21:08:16"
"3589077","2951","2015-11-25 21:08:05"
"3615428","13126","2015-11-25 21:07:17"
"3503351","12580","2015-11-25 21:07:04"
"3615427","4570","2015-11-25 21:06:40"
"3614245","4318","2015-11-25 21:06:35"
"3615425","12009","2015-11-25 21:06:29"
"3613932","2950","2015-11-25 21:06:24"
"508955","19692","2015-11-25 21:06:21"
"3589077","2951","2015-11-25 21:06:19"
"3615424","13417","2015-11-25 21:06:16"
"2066974","19219","2015-11-25 21:06:16"
"2066974","18464","2015-11-25 21:06:13"
"2066974","20868","2015-11-25 21:05:52"
"3615126","11711","2015-11-25 21:05:45"
"2066974","13126","2015-11-25 21:04:55"
"3615421","12750","2015-11-25 21:04:43"
"2066974","17482","2015-11-25 21:04:34"
"2066974","17389","2015-11-25 21:04:32"
"2066974","15428","2015-11-25 21:04:30"
"3615420","15558","2015-11-25 21:04:27"
"3615420","20745","2015-11-25 21:04:27"
"3615415","12009","2015-11-25 21:03:58"
"3613929","2950","2015-11-25 21:03:17"
"3615417","17622","2015-11-25 21:03:16"
"2066974","11796","2015-11-25 21:03:12"
"2066974","4472","2015-11-25 21:02:33"
"3615414","12213","2015-11-25 21:02:28"
"2066974","11796","2015-11-25 21:02:18"
"74605","11943","2015-11-25 21:02:01"
"3615412","14323","2015-11-25 21:01:08"
"2066974","20429","2015-11-25 21:01:06"
"1446747","12472","2015-11-25 21:00:55"
"3615411","17709","2015-11-25 21:00:49"
"2066974","11650","2015-11-25 21:00:36"
"3615409","14134","2015-11-25 21:00:34"
"3615245","20011","2015-11-25 21:00:30"
"2066974","20429","2015-11-25 21:00:10"
"2066974","12709","2015-11-25 21:00:06"
"3615405","20885","2015-11-25 20:59:21"
"3597231","20665","2015-11-25 20:59:20"
"3615403","14274","2015-11-25 20:59:08"
"2472292","14518","2015-11-25 20:58:56"
"3615402","11357","2015-11-25 20:58:46"
"3607315","2950","2015-11-25 20:58:23"
"1374164","16716","2015-11-25 20:58:02"
"2066974","15365","2015-11-25 20:57:47"
"3615399","19807","2015-11-25 20:57:45"
"1290277","2040","2015-11-25 20:57:44"
"2066974","12826","2015-11-25 20:57:27"
"3332539","2951","2015-11-25 20:57:06"
"2066974","20943","2015-11-25 20:57:01"
"3615396","12325","2015-11-25 20:57:00"
"2066974","13719","2015-11-25 20:56:52"
"3607312","2950","2015-11-25 20:56:28"
"3615383","14291","2015-11-25 20:56:27"
"767290","11245","2015-11-25 20:56:22"
"3615393","2951","2015-11-25 20:56:02"
"2066974","16474","2015-11-25 20:56:02"
"2066974","13867","2015-11-25 20:55:57"
"3615390","11708","2015-11-25 20:55:46"
"3615375","13311","2015-11-25 20:55:28"
"508955","17898","2015-11-25 20:55:19"
"3615322","12093","2015-11-25 20:54:42"
"2066974","14837","2015-11-25 20:54:32"
"2066974","19130","2015-11-25 20:54:28"
"2066974","18936","2015-11-25 20:54:27"
"3615385","11976","2015-11-25 20:54:13"
"3615385","13302","2015-11-25 20:54:13"
"3615385","11976","2015-11-25 20:54:11"
"3615385","13302","2015-11-25 20:54:11"
"3615384","11245","2015-11-25 20:53:46"
"2066974","15467","2015-11-25 20:53:37"
"3607308","2950","2015-11-25 20:53:23"
"2066974","18151","2015-11-25 20:53:20"
"3615382","20885","2015-11-25 20:53:13"
"508955","1869","2015-11-25 20:53:09"
"3615380","20885","2015-11-25 20:53:03"
"2066974","11878","2015-11-25 20:52:51"
"3615377","19541","2015-11-25 20:52:38"
"3615377","18387","2015-11-25 20:52:38"
"2066974","14255","2015-11-25 20:52:37"
"3615376","19992","2015-11-25 20:52:24"
"3615373","14731","2015-11-25 20:52:12"
"508955","19692","2015-11-25 20:52:10"
"3615372","19150","2015-11-25 20:51:59"
"3615372","20190","2015-11-25 20:51:59"
"3615371","13504","2015-11-25 20:51:54"
"2066974","11981","2015-11-25 20:51:09"
"2066974","18936","2015-11-25 20:51:01"
"3615363","2950","2015-11-25 20:50:37"
"3615367","20713","2015-11-25 20:50:18"
"2066974","4689","2015-11-25 20:50:09"
"508955","1336","2015-11-25 20:50:02"
"2066974","14931","2015-11-25 20:50:02"
"3615364","13691","2015-11-25 20:49:47"
"3615360","12472","2015-11-25 20:48:56"
"1875450","15518","2015-11-25 20:48:30"
"3615359","18951","2015-11-25 20:48:29"
"3615344","11245","2015-11-25 20:48:28"
"508955","9740","2015-11-25 20:48:10"
"3525254","13311","2015-11-25 20:48:02"
"2066974","18936","2015-11-25 20:47:51"
"3615357","14278","2015-11-25 20:47:35"
"3615356","8577","2015-11-25 20:47:33"
"3615355","20885","2015-11-25 20:47:14"
"3615354","12660","2015-11-25 20:47:03"
"3615353","18180","2015-11-25 20:46:46"
"3615353","16897","2015-11-25 20:46:46"
"3615098","15191","2015-11-25 20:46:21"
"3615352","15037","2015-11-25 20:45:54"
"3615351","20748","2015-11-25 20:45:47"
"2066974","12183","2015-11-25 20:45:32"
"3615350","12003","2015-11-25 20:45:27"
"3615350","17226","2015-11-25 20:45:27"
"3615098","15191","2015-11-25 20:45:13"
"2066974","15677","2015-11-25 20:44:54"
"3615348","20011","2015-11-25 20:44:19"
"2066974","16715","2015-11-25 20:44:09"
"3615347","19452","2015-11-25 20:44:09"
"3615311","11241","2015-11-25 20:44:03"
"3615346","11245","2015-11-25 20:43:56"
"2364700","12035","2015-11-25 20:43:54"
"3615345","11275","2015-11-25 20:43:10"
"2188071","2155","2015-11-25 20:43:03"
"508955","18070","2015-11-25 20:43:02"
"2066974","19244","2015-11-25 20:43:01"
"3615334","15652","2015-11-25 20:42:58"
"2066974","17161","2015-11-25 20:42:46"
"3615343","21022","2015-11-25 20:42:37"
"2066974","11539","2015-11-25 20:42:21"
"3615341","20885","2015-11-25 20:41:41"
"2066974","11790","2015-11-25 20:41:37"
"2066974","15430","2015-11-25 20:40:14"
"2675604","11271","2015-11-25 20:40:13"
"508955","9740","2015-11-25 20:40:07"
"3615340","20011","2015-11-25 20:39:55"
"2066974","4570","2015-11-25 20:39:45"
"2066974","11918","2015-11-25 20:39:41"
"2066974","14434","2015-11-25 20:39:35"
"3615339","2951","2015-11-25 20:39:35"
"3615338","11796","2015-11-25 20:38:47"
"2066974","4570","2015-11-25 20:38:45"
"3615337","12012","2015-11-25 20:38:27"
"3615336","1336","2015-11-25 20:38:18"
"2066974","15749","2015-11-25 20:37:52"
"3607306","2951","2015-11-25 20:37:46"
"733549","2182","2015-11-25 20:37:28"
"2066974","16512","2015-11-25 20:37:24"
"3615335","11271","2015-11-25 20:37:12"
"2066974","15749","2015-11-25 20:37:05"
"3615334","15652","2015-11-25 20:37:00"
"3615333","5654","2015-11-25 20:36:42"
"3615333","11259","2015-11-25 20:36:42"
"3615332","11093","2015-11-25 20:36:29"
"2066974","14524","2015-11-25 20:36:29"
"2219053","11663","2015-11-25 20:36:29"
"1722812","9566","2015-11-25 20:36:06"
"3615325","20875","2015-11-25 20:35:47"
"2066974","14271","2015-11-25 20:35:44"
"2066974","20685","2015-11-25 20:35:40"
"3615330","11271","2015-11-25 20:35:37"
"3615329","18637","2015-11-25 20:35:09"
"2066974","12349","2015-11-25 20:35:07"
"3615328","14328","2015-11-25 20:35:06"
"3615328","16131","2015-11-25 20:35:06"
"3615327","12619","2015-11-25 20:34:28"
"2066974","11639","2015-11-25 20:34:24"
"3615326","20748","2015-11-25 20:34:16"
"3607303","2951","2015-11-25 20:33:58"
"2675604","16535","2015-11-25 20:33:54"
"3477778","15857","2015-11-25 20:33:38"
"2066974","13031","2015-11-25 20:33:36"
"508955","15501","2015-11-25 20:32:51"
"2066974","13867","2015-11-25 20:32:19"
"3615324","18819","2015-11-25 20:32:07"
"3615323","11971","2015-11-25 20:32:02"
"3615323","11083","2015-11-25 20:32:02"
"3615322","12093","2015-11-25 20:32:01"
"3615320","10743","2015-11-25 20:30:51"
"3615319","14274","2015-11-25 20:30:31"
"3615318","13504","2015-11-25 20:30:31"
"3472074","11540","2015-11-25 20:30:24"
"2066974","21295","2015-11-25 20:30:17"
"2066974","16957","2015-11-25 20:30:17"
"2334697","2950","2015-11-25 20:29:39"
"3612078","21404","2015-11-25 20:28:56"
"3615317","13747","2015-11-25 20:28:46"
"3613278","15431","2015-11-25 20:28:43"
"559159","17688","2015-11-25 20:28:42"
"3615316","20620","2015-11-25 20:28:39"
"508955","21312","2015-11-25 20:28:37"
"3612686","11540","2015-11-25 20:28:16"
"3615314","2963","2015-11-25 20:28:10"
"3615308","2950","2015-11-25 20:27:58"
"3615313","1336","2015-11-25 20:27:50"
"2066974","15783","2015-11-25 20:27:34"
"3615312","11061","2015-11-25 20:27:25"
"2066974","14855","2015-11-25 20:27:12"
"2219053","11663","2015-11-25 20:26:58"
"3615311","11241","2015-11-25 20:26:43"
"3042885","11655","2015-11-25 20:26:32"
"3042885","17490","2015-11-25 20:26:32"
"3615310","12767","2015-11-25 20:26:24"
"3615305","12205","2015-11-25 20:26:21"
"3615309","20832","2015-11-25 20:26:14"
"1302125","21446","2015-11-25 20:25:41"
"3615307","13804","2015-11-25 20:25:28"
"3615306","2951","2015-11-25 20:25:23"
"2066974","21295","2015-11-25 20:24:53"
"3612533","11953","2015-11-25 20:24:46"
"2066974","18931","2015-11-25 20:24:39"
"3615305","12205","2015-11-25 20:24:26"
"1257671","12841","2015-11-25 20:24:08"
"3446287","11586","2015-11-25 20:24:06"
"1775202","20885","2015-11-25 20:24:03"
"3615304","20990","2015-11-25 20:23:41"
"3615304","19622","2015-11-25 20:23:41"
"3615304","20992","2015-11-25 20:23:41"
"2066974","20318","2015-11-25 20:23:26"
"3615303","14274","2015-11-25 20:23:20"
"2066974","9424","2015-11-25 20:23:19"
"3615302","11953","2015-11-25 20:23:06"
"3615301","15646","2015-11-25 20:22:54"
"3615300","13311","2015-11-25 20:22:28"
"3615299","2867","2015-11-25 20:22:28"
"3615299","2097","2015-11-25 20:22:28"
"3615300","11982","2015-11-25 20:22:28"
"3615292","20007","2015-11-25 20:22:26"
"3615298","14274","2015-11-25 20:22:20"
"3476012","19188","2015-11-25 20:22:19"
"3615297","2951","2015-11-25 20:22:18"
"3615296","20843","2015-11-25 20:22:11"
"3615296","14610","2015-11-25 20:22:11"
"3615295","20885","2015-11-25 20:21:47"
"2066974","16946","2015-11-25 20:21:40"
"2066974","19009","2015-11-25 20:21:29"
"3535892","20885","2015-11-25 20:21:07"
"3615280","13133","2015-11-25 20:20:56"
"3615280","12376","2015-11-25 20:20:56"
"2066974","17588","2015-11-25 20:20:46"
"3615294","20190","2015-11-25 20:20:41"
"3615291","11271","2015-11-25 20:20:22"
"3615291","11271","2015-11-25 20:20:21"
"1939052","20885","2015-11-25 20:20:15"
"2066974","11918","2015-11-25 20:20:14"
"3615290","12304","2015-11-25 20:20:03"
"906332","12093","2015-11-25 20:19:59"
"3615289","20885","2015-11-25 20:19:51"
"3610227","20885","2015-11-25 20:19:40"
"508955","13685","2015-11-25 20:19:17"
"3615288","14452","2015-11-25 20:19:17"
"3615287","13017","2015-11-25 20:19:15"
"2066974","14626","2015-11-25 20:19:15"
"3615286","19622","2015-11-25 20:19:06"
"3615286","20990","2015-11-25 20:19:06"
"3615286","20992","2015-11-25 20:19:06"
"2066974","17588","2015-11-25 20:18:55"
"3615285","15728","2015-11-25 20:18:49"
"3615283","11233","2015-11-25 20:18:04"
"3615284","20992","2015-11-25 20:17:31"
"3615284","19622","2015-11-25 20:17:31"
"3615284","20990","2015-11-25 20:17:31"
"2066974","21075","2015-11-25 20:17:18"
"2066974","17389","2015-11-25 20:17:10"
"3615282","21292","2015-11-25 20:16:49"
"1722812","9566","2015-11-25 20:16:42"
"2066974","16939","2015-11-25 20:16:16"
"3615279","14643","2015-11-25 20:15:58"
"2066974","14595","2015-11-25 20:15:27"
"2066974","21044","2015-11-25 20:15:18"
"3615281","15068","2015-11-25 20:15:16"
"2066974","4570","2015-11-25 20:15:16"
"2066974","21271","2015-11-25 20:15:07"
"2995501","2963","2015-11-25 20:15:00"
"2066974","11878","2015-11-25 20:14:31"
"2066974","18421","2015-11-25 20:14:27"
"3615278","14274","2015-11-25 20:13:53"
"2066974","18304","2015-11-25 20:13:41"
"3615277","11245","2015-11-25 20:13:33"
"3615276","18080","2015-11-25 20:13:25"
"3615276","17490","2015-11-25 20:13:25"
"1252855","20885","2015-11-25 20:13:05"
"3615274","20190","2015-11-25 20:12:57"
"1075809","11336","2015-11-25 20:12:44"
"2623270","16227","2015-11-25 20:12:35"
"3615273","20640","2015-11-25 20:12:33"
"405140","19171","2015-11-25 20:12:19"
"3615272","2997","2015-11-25 20:12:05"
"2066974","6323","2015-11-25 20:11:38"
"142953","4117","2015-11-25 20:11:37"
"2066974","11438","2015-11-25 20:11:36"
"3446235","15857","2015-11-25 20:11:28"
"3615270","18531","2015-11-25 20:11:15"
"2066974","13405","2015-11-25 20:10:31"
"2066974","14595","2015-11-25 20:10:19"
"3615269","13504","2015-11-25 20:10:16"
"3615268","9829","2015-11-25 20:10:09"
"2066974","21164","2015-11-25 20:10:03"
"2066974","13829","2015-11-25 20:09:32"
"3615267","20885","2015-11-25 20:09:16"
"2066974","15757","2015-11-25 20:09:09"
"3615265","2951","2015-11-25 20:08:54"
"1257671","12841","2015-11-25 20:08:51"
"3615264","20843","2015-11-25 20:08:42"
"3615204","15837","2015-11-25 20:08:40"
"3615204","11697","2015-11-25 20:08:40"
"3615258","2155","2015-11-25 20:08:02"
"3615263","14274","2015-11-25 20:07:28"
"2438431","13417","2015-11-25 20:07:26"
"2438431","15250","2015-11-25 20:07:26"
"403496","2951","2015-11-25 20:07:22"
"3604006","11540","2015-11-25 20:06:26"
"2066974","18602","2015-11-25 20:06:21"
"2066974","12646","2015-11-25 20:06:15"
"3615261","1398","2015-11-25 20:05:54"
"2066974","21227","2015-11-25 20:05:45"
"3615260","14059","2015-11-25 20:05:39"
"403496","2951","2015-11-25 20:05:26"
"1725772","20190","2015-11-25 20:05:24"
"2066974","18270","2015-11-25 20:05:04"
"3615259","11271","2015-11-25 20:04:46"
"3615259","11271","2015-11-25 20:04:42"
"3615255","8767","2015-11-25 20:04:36"
"3615255","12281","2015-11-25 20:04:36"
"2066974","13497","2015-11-25 20:04:24"
"2066974","13230","2015-11-25 20:03:42"
"608773","14274","2015-11-25 20:03:22"
"2066974","13837","2015-11-25 20:03:08"
"3615257","18215","2015-11-25 20:02:48"
"3615256","20005","2015-11-25 20:02:34"
"2066974","14434","2015-11-25 20:02:20"
"2066974","15537","2015-11-25 20:01:58"
"2066974","7837","2015-11-25 20:01:46"
"2066974","20192","2015-11-25 20:01:46"
"3615254","11086","2015-11-25 20:01:33"
"3615253","17588","2015-11-25 20:01:29"
"2626183","4570","2015-11-25 20:01:29"
"214839","20731","2015-11-25 20:01:28"
"3615252","13787","2015-11-25 20:01:20"
"2066974","19495","2015-11-25 20:01:15"
"3612622","20190","2015-11-25 20:01:04"
"1350625","18765","2015-11-25 20:01:04"
"1350625","18765","2015-11-25 20:00:59"
"3615251","20732","2015-11-25 20:00:45"
"2066974","11140","2015-11-25 20:00:31"
"3615250","12141","2015-11-25 20:00:25"
"2066974","16908","2015-11-25 20:00:22"
"2066974","13964","2015-11-25 19:59:31"
"3615248","13472","2015-11-25 19:59:28"
"3615247","13547","2015-11-25 19:59:27"
"2066974","20637","2015-11-25 19:59:25"
"3615246","17490","2015-11-25 19:59:22"
"3615246","20779","2015-11-25 19:59:22"
"3615244","21292","2015-11-25 19:59:02"
"3615243","20885","2015-11-25 19:58:56"
"2066974","14016","2015-11-25 19:58:19"
"3615242","12009","2015-11-25 19:58:16"
"2066974","11943","2015-11-25 19:58:14"
"2066974","15470","2015-11-25 19:58:09"
"3615241","12531","2015-11-25 19:58:04"
"2066974","13867","2015-11-25 19:57:13"
"3585278","13851","2015-11-25 19:57:03"
"3615240","20875","2015-11-25 19:56:51"
"1532281","13372","2015-11-25 19:56:51"
"2066974","19409","2015-11-25 19:56:48"
"3615238","20014","2015-11-25 19:56:41"
"3615239","2432","2015-11-25 19:56:41"
"2066974","15928","2015-11-25 19:56:10"
"3601475","20885","2015-11-25 19:55:30"
"3615236","11982","2015-11-25 19:55:26"
"2188098","2155","2015-11-25 19:55:02"
"3615208","20885","2015-11-25 19:54:32"
"3615234","16881","2015-11-25 19:54:27"
"2066974","6323","2015-11-25 19:54:17"
"2066974","14271","2015-11-25 19:54:06"
"2593658","12267","2015-11-25 19:54:06"
"3615235","12306","2015-11-25 19:54:04"
"2066974","14842","2015-11-25 19:52:31"
"2066974","18204","2015-11-25 19:52:20"
"3615233","16646","2015-11-25 19:52:03"
"3615232","2950","2015-11-25 19:51:52"
"3615231","11271","2015-11-25 19:51:51"
"3615228","20885","2015-11-25 19:51:45"
"2066974","14635","2015-11-25 19:51:44"
"3615204","15837","2015-11-25 19:51:37"
"3615204","11697","2015-11-25 19:51:37"
"3615208","20885","2015-11-25 19:50:56"
"3480853","13311","2015-11-25 19:50:54"
"3615230","13732","2015-11-25 19:50:47"
"3615222","13311","2015-11-25 19:50:45"
"3252348","11271","2015-11-25 19:50:43"
"3615229","16646","2015-11-25 19:50:32"
"3615228","20885","2015-11-25 19:50:02"
"3615227","20352","2015-11-25 19:49:59"
"3615226","14886","2015-11-25 19:49:51"
"3615225","11245","2015-11-25 19:49:40"
"2066974","20391","2015-11-25 19:49:20"
"590211","11242","2015-11-25 19:48:34"
"2066974","12376","2015-11-25 19:48:32"
"3615224","13394","2015-11-25 19:48:22"
"3615223","20885","2015-11-25 19:48:15"
"2066974","12884","2015-11-25 19:47:46"
"2066974","19886","2015-11-25 19:47:45"
"2066974","13573","2015-11-25 19:47:45"
"3615221","20011","2015-11-25 19:47:42"
"2066974","15280","2015-11-25 19:47:24"
"3615220","14889","2015-11-25 19:47:16"
"2066974","12376","2015-11-25 19:47:15"
"350982","4436","2015-11-25 19:47:04"
"1954791","2155","2015-11-25 19:47:02"
"2066974","15652","2015-11-25 19:46:43"
"3615218","1869","2015-11-25 19:46:38"
"3615217","11378","2015-11-25 19:46:22"
"508955","20031","2015-11-25 19:46:00"
"2066974","11918","2015-11-25 19:45:55"
"3615216","8012","2015-11-25 19:45:27"
"3615215","11982","2015-11-25 19:45:26"
"3615214","13013","2015-11-25 19:44:34"
"3615213","15813","2015-11-25 19:44:26"
"3612685","14323","2015-11-25 19:44:15"
"2066974","1719","2015-11-25 19:44:14"
"3615211","11378","2015-11-25 19:43:44"
"677892","2997","2015-11-25 19:43:44"
"3609750","11271","2015-11-25 19:43:32"
"3111460","12476","2015-11-25 19:43:27"
"2066974","14646","2015-11-25 19:43:15"
"2066974","8672","2015-11-25 19:43:02"
"3615209","19789","2015-11-25 19:42:55"
"3615209","16003","2015-11-25 19:42:55"
"2066974","11498","2015-11-25 19:42:50"
"2066974","11155","2015-11-25 19:42:46"
"2066974","11409","2015-11-25 19:42:46"
"1499488","20885","2015-11-25 19:42:36"
"823500","11443","2015-11-25 19:42:10"
"2066974","20680","2015-11-25 19:41:42"
"508955","14639","2015-11-25 19:41:38"
"3615206","13417","2015-11-25 19:41:17"
"3615206","15250","2015-11-25 19:41:17"
"3489872","13311","2015-11-25 19:41:16"
"3615207","11438","2015-11-25 19:41:16"
"1499488","20885","2015-11-25 19:41:15"
"2066974","13658","2015-11-25 19:41:00"
"3111459","12476","2015-11-25 19:40:42"
"2066974","14626","2015-11-25 19:40:21"
"2066974","13658","2015-11-25 19:39:50"
"3566856","8797","2015-11-25 19:39:49"
"2066974","15300","2015-11-25 19:39:32"
"2066974","11438","2015-11-25 19:39:20"
"3615203","13547","2015-11-25 19:38:59"
"3615202","17536","2015-11-25 19:38:34"
"3615202","15783","2015-11-25 19:38:34"
"508955","19692","2015-11-25 19:37:24"
"508955","21404","2015-11-25 19:37:23"
"3615201","11241","2015-11-25 19:37:21"
"3615200","11918","2015-11-25 19:36:54"
"3615199","20697","2015-11-25 19:36:17"
"508955","12707","2015-11-25 19:36:00"
"3614095","12396","2015-11-25 19:35:28"
"2066974","21197","2015-11-25 19:35:09"
"3583424","2963","2015-11-25 19:34:48"
"3615198","11711","2015-11-25 19:33:52"
"3615197","14274","2015-11-25 19:33:48"
"1707161","11233","2015-11-25 19:33:19"
"3615196","2963","2015-11-25 19:32:58"
"384954","14132","2015-11-25 19:32:53"
"3615195","15878","2015-11-25 19:32:42"
"2066974","20131","2015-11-25 19:32:35"
"3615194","9227","2015-11-25 19:32:31"
"3612632","12472","2015-11-25 19:32:24"
"2066974","10403","2015-11-25 19:32:18"
"3615175","12729","2015-11-25 19:32:01"
"3615193","11241","2015-11-25 19:32:00"
"2066974","20115","2015-11-25 19:31:55"
"2414362","20885","2015-11-25 19:31:22"
"2066974","15590","2015-11-25 19:31:17"
"3615192","8768","2015-11-25 19:31:13"
"3615191","12325","2015-11-25 19:31:07"
"2247283","11336","2015-11-25 19:30:51"
"787017","13692","2015-11-25 19:30:39"
"787017","11922","2015-11-25 19:30:39"
"2019984","13311","2015-11-25 19:30:25"
"3615190","17545","2015-11-25 19:30:14"
"2066974","21227","2015-11-25 19:29:58"
"508955","12198","2015-11-25 19:29:51"
"3615189","14350","2015-11-25 19:29:40"
"2066974","11087","2015-11-25 19:29:37"
"3615161","2963","2015-11-25 19:29:07"
"3615148","12093","2015-11-25 19:28:50"
"3615188","11982","2015-11-25 19:28:30"
"3615187","13749","2015-11-25 19:28:27"
"3615186","20885","2015-11-25 19:28:19"
"3615185","20832","2015-11-25 19:27:51"
"3615184","8371","2015-11-25 19:27:49"
"3615183","13749","2015-11-25 19:27:47"
"3615182","19995","2015-11-25 19:27:43"
"3615181","12509","2015-11-25 19:27:39"
"3615175","12729","2015-11-25 19:26:35"
"3615180","11918","2015-11-25 19:26:02"
"3585278","13851","2015-11-25 19:25:52"
"3615178","20885","2015-11-25 19:25:45"
"3615177","12306","2015-11-25 19:25:42"
"3615177","16266","2015-11-25 19:25:42"
"3615176","20583","2015-11-25 19:25:27"
"1742673","20885","2015-11-25 19:24:12"
"3615174","13528","2015-11-25 19:23:37"
"1585385","11856","2015-11-25 19:23:22"
"1585385","12003","2015-11-25 19:23:22"
"3615172","12272","2015-11-25 19:23:18"
"1481116","20885","2015-11-25 19:22:50"
"3615171","11245","2015-11-25 19:22:39"
"3615170","16599","2015-11-25 19:21:53"
"2896086","2997","2015-11-25 19:21:38"
"3615169","11982","2015-11-25 19:21:36"
"2066974","12853","2015-11-25 19:20:42"
"2066974","19833","2015-11-25 19:20:38"
"3454318","14155","2015-11-25 19:20:22"
"3615168","11697","2015-11-25 19:20:03"
"3615168","15498","2015-11-25 19:20:03"
"2066974","13417","2015-11-25 19:19:46"
"2066974","15371","2015-11-25 19:19:19"
"3615167","12480","2015-11-25 19:19:01"
"3615166","17161","2015-11-25 19:18:51"
"3612622","20190","2015-11-25 19:18:50"
"2066974","16891","2015-11-25 19:18:45"
"3615165","12594","2015-11-25 19:17:54"
"2066974","19171","2015-11-25 19:17:47"
"3615164","2951","2015-11-25 19:17:37"
"3615163","12472","2015-11-25 19:17:19"
"2066974","15936","2015-11-25 19:16:14"
"3615160","20903","2015-11-25 19:16:07"
"3615159","19691","2015-11-25 19:15:55"
"3615158","20992","2015-11-25 19:15:49"
"3615158","20990","2015-11-25 19:15:49"
"3615158","19622","2015-11-25 19:15:49"
"3615141","19521","2015-11-25 19:15:35"
"3615157","19629","2015-11-25 19:15:21"
"2066974","20065","2015-11-25 19:14:56"
"2066974","11773","2015-11-25 19:14:51"
"3615156","20843","2015-11-25 19:14:09"
"3614922","12298","2015-11-25 19:14:03"
"3615155","17369","2015-11-25 19:14:00"
"1547675","2021","2015-11-25 19:13:58"
"3615154","12594","2015-11-25 19:13:52"
"3615153","9898","2015-11-25 19:13:13"
"3615152","13547","2015-11-25 19:13:11"
"3615151","16143","2015-11-25 19:13:02"
"3615150","12093","2015-11-25 19:12:54"
"3615149","20543","2015-11-25 19:12:49"
"3615148","12093","2015-11-25 19:12:19"
"2066974","11878","2015-11-25 19:12:18"
"3615147","21218","2015-11-25 19:12:05"
"2066974","13585","2015-11-25 19:11:40"
"3615146","11245","2015-11-25 19:11:28"
"3615145","2951","2015-11-25 19:11:08"
"2066974","17410","2015-11-25 19:10:47"
"3382850","19813","2015-11-25 19:10:47"
"3615144","19452","2015-11-25 19:10:44"
"3615143","13890","2015-11-25 19:10:37"
"3615143","13903","2015-11-25 19:10:37"
"2066974","17694","2015-11-25 19:10:31"
"3615142","12205","2015-11-25 19:10:03"
"2066974","20723","2015-11-25 19:09:57"
"2066974","17161","2015-11-25 19:09:51"
"2066974","11319","2015-11-25 19:09:31"
"2066974","17711","2015-11-25 19:09:03"
"3164794","2158","2015-11-25 19:08:56"
"3615140","16246","2015-11-25 19:08:55"
"3615139","12472","2015-11-25 19:08:25"
"3615138","4218","2015-11-25 19:08:23"
"1015394","15422","2015-11-25 19:07:33"
"1015394","11943","2015-11-25 19:07:33"
"3615137","17212","2015-11-25 19:07:15"
"3615136","20885","2015-11-25 19:06:50"
"2066974","13867","2015-11-25 19:06:28"
"2066974","20284","2015-11-25 19:06:03"
"3305897","18144","2015-11-25 19:05:36"
"3615135","15518","2015-11-25 19:05:28"
"2066974","13867","2015-11-25 19:05:09"
"2066974","16512","2015-11-25 19:04:15"
"3615134","13808","2015-11-25 19:04:09"
"3615133","20321","2015-11-25 19:03:56"
"3615133","11834","2015-11-25 19:03:56"
"3615132","11273","2015-11-25 19:03:32"
"75546","2158","2015-11-25 19:03:04"
"326798","12495","2015-11-25 19:02:45"
"3615131","11355","2015-11-25 19:02:25"
"3615130","1689","2015-11-25 19:02:14"
"2066974","19225","2015-11-25 19:02:03"
"3615078","20190","2015-11-25 19:01:57"
"2066974","15707","2015-11-25 19:01:43"
"3615129","2634","2015-11-25 19:01:35"
"2066974","12527","2015-11-25 19:01:28"
"3615128","14274","2015-11-25 19:00:39"
"2066974","15749","2015-11-25 19:00:30"
"3564141","15791","2015-11-25 19:00:20"
"2066974","17963","2015-11-25 19:00:06"
"3615127","18870","2015-11-25 18:59:54"
"508955","18070","2015-11-25 18:59:47"
"2066974","12071","2015-11-25 18:59:37"
"2066974","1398","2015-11-25 18:59:36"
"2066974","13824","2015-11-25 18:58:38"
"3615122","11934","2015-11-25 18:58:32"
"3602871","13126","2015-11-25 18:58:07"
"508955","17416","2015-11-25 18:57:50"
"2066974","14434","2015-11-25 18:57:10"
"3615120","19622","2015-11-25 18:56:56"
"2066974","12617","2015-11-25 18:56:18"
"3615119","11796","2015-11-25 18:55:55"
"3614646","13243","2015-11-25 18:55:14"
"10901","20885","2015-11-25 18:55:13"
"3615118","12509","2015-11-25 18:54:33"
"2066974","15644","2015-11-25 18:54:26"
"3570672","11878","2015-11-25 18:54:19"
"3615116","16940","2015-11-25 18:54:14"
"1217951","1719","2015-11-25 18:54:14"
"3615115","4570","2015-11-25 18:54:10"
"2066974","11233","2015-11-25 18:53:02"
"695964","12388","2015-11-25 18:53:00"
"695964","12730","2015-11-25 18:53:00"
"3615114","11713","2015-11-25 18:52:48"
"3615113","1869","2015-11-25 18:52:38"
"2066974","11732","2015-11-25 18:52:17"
"695964","12730","2015-11-25 18:52:13"
"695964","12388","2015-11-25 18:52:13"
"508955","18888","2015-11-25 18:52:07"
"3615112","13739","2015-11-25 18:52:07"
"2066974","15371","2015-11-25 18:51:21"
"2066974","12709","2015-11-25 18:51:07"
"1390922","1869","2015-11-25 18:50:17"
"2855898","19550","2015-11-25 18:50:17"
"2066974","12853","2015-11-25 18:49:59"
"2066974","2981","2015-11-25 18:49:52"
"2066974","12085","2015-11-25 18:49:31"
"3615109","17439","2015-11-25 18:49:08"
"3449624","19550","2015-11-25 18:49:07"
"3615108","7658","2015-11-25 18:48:40"
"2066974","15422","2015-11-25 18:48:36"
"2066974","20556","2015-11-25 18:48:36"
"2066974","17086","2015-11-25 18:48:32"
"2066974","20867","2015-11-25 18:48:26"
"3412713","19550","2015-11-25 18:47:51"
"3615106","15644","2015-11-25 18:47:31"
"3615106","15644","2015-11-25 18:47:27"
"3615106","15644","2015-11-25 18:47:23"
"3615105","19898","2015-11-25 18:47:15"
"3615105","19898","2015-11-25 18:47:12"
"3615104","11245","2015-11-25 18:46:36"
"2066974","13728","2015-11-25 18:46:26"
"2066974","12183","2015-11-25 18:46:14"
"3615103","12548","2015-11-25 18:45:36"
"2066974","13728","2015-11-25 18:45:33"
"508955","11348","2015-11-25 18:45:31"
"3608787","20885","2015-11-25 18:45:16"
"3615102","13243","2015-11-25 18:45:02"
"2066974","19307","2015-11-25 18:44:40"
"2066974","13728","2015-11-25 18:44:28"
"615382","2963","2015-11-25 18:44:01"
"3615055","12298","2015-11-25 18:44:00"
"2066974","12950","2015-11-25 18:43:54"
"3615101","20009","2015-11-25 18:43:23"
"2066974","10403","2015-11-25 18:43:02"
"3615099","4011","2015-11-25 18:42:54"
"2066974","13745","2015-11-25 18:42:45"
"3615098","15191","2015-11-25 18:42:25"
"2066974","1398","2015-11-25 18:41:53"
"508955","13745","2015-11-25 18:41:24"
"2066974","16160","2015-11-25 18:41:09"
"3567173","2951","2015-11-25 18:40:26"
"2066974","12933","2015-11-25 18:39:46"
"3615096","12205","2015-11-25 18:39:44"
"3615095","11219","2015-11-25 18:39:31"
"2066974","19854","2015-11-25 18:38:59"
"3567173","2951","2015-11-25 18:38:26"
"3615094","13903","2015-11-25 18:38:12"
"3615092","19899","2015-11-25 18:37:56"
"3615091","20157","2015-11-25 18:37:51"
"3615090","12093","2015-11-25 18:37:46"
"2066974","14233","2015-11-25 18:37:04"
"2066974","16716","2015-11-25 18:36:23"
"3615089","11982","2015-11-25 18:35:56"
"3615088","11639","2015-11-25 18:35:46"
"2066974","16715","2015-11-25 18:34:46"
"3615086","16194","2015-11-25 18:34:35"
"3615085","11943","2015-11-25 18:34:32"
"3615085","12580","2015-11-25 18:34:32"
"2066974","17694","2015-11-25 18:33:42"
"2066974","10681","2015-11-25 18:32:09"
"508955","15269","2015-11-25 18:31:28"
"2066974","20470","2015-11-25 18:31:21"
"3615084","13547","2015-11-25 18:31:15"
"3615083","13824","2015-11-25 18:30:41"
"3615082","19244","2015-11-25 18:30:23"
"3615081","13243","2015-11-25 18:30:10"
"238214","20620","2015-11-25 18:29:53"
"403496","11219","2015-11-25 18:29:52"
"2066974","11974","2015-11-25 18:29:24"
"3505540","11241","2015-11-25 18:28:26"
"2187973","11245","2015-11-25 18:28:13"
"3615080","13585","2015-11-25 18:27:59"
"2066974","19707","2015-11-25 18:27:54"
"403496","11219","2015-11-25 18:27:34"
"3615077","17399","2015-11-25 18:26:50"
"1350361","17884","2015-11-25 18:26:19"
"3615075","11878","2015-11-25 18:25:09"
"3615074","20620","2015-11-25 18:24:37"
"3615073","2555","2015-11-25 18:24:29"
"3614973","12367","2015-11-25 18:24:23"
"3615006","13547","2015-11-25 18:23:01"
"2066974","17711","2015-11-25 18:22:50"
"2066974","13417","2015-11-25 18:22:39"
"3615072","11245","2015-11-25 18:22:18"
"2066974","13920","2015-11-25 18:22:14"
"403496","11219","2015-11-25 18:21:51"
"2066974","13719","2015-11-25 18:21:49"
"2066974","18060","2015-11-25 18:21:29"
"3615071","20712","2015-11-25 18:21:08"
"2066974","8797","2015-11-25 18:21:08"
"3615070","14500","2015-11-25 18:20:55"
"3223738","11262","2015-11-25 18:20:47"
"3615069","15488","2015-11-25 18:20:28"
"2066974","15809","2015-11-25 18:20:16"
"3615068","1613","2015-11-25 18:20:02"
"2066974","18596","2015-11-25 18:19:48"
"2896086","2997","2015-11-25 18:19:45"
"2269601","4490","2015-11-25 18:19:35"
"2066974","15749","2015-11-25 18:19:18"
"3615067","12480","2015-11-25 18:19:14"
"2066974","14842","2015-11-25 18:18:50"
"3615060","15294","2015-11-25 18:18:41"
"3615060","15558","2015-11-25 18:18:41"
"2066974","13920","2015-11-25 18:18:24"
"2066974","20391","2015-11-25 18:18:13"
"2066974","16908","2015-11-25 18:18:08"
"3615064","2951","2015-11-25 18:17:48"
"2066974","15484","2015-11-25 18:17:33"
"3615062","12494","2015-11-25 18:17:16"
"3615061","11271","2015-11-25 18:17:11"
"2066974","19903","2015-11-25 18:17:08"
"2066974","12824","2015-11-25 18:17:00"
"2066974","13318","2015-11-25 18:16:45"
"508955","14863","2015-11-25 18:16:30"
"508955","15687","2015-11-25 18:16:21"
"3615058","2963","2015-11-25 18:16:14"
"2066974","20084","2015-11-25 18:16:02"
"2066974","18055","2015-11-25 18:15:51"
"2066974","12853","2015-11-25 18:15:34"
"3615057","15815","2015-11-25 18:15:20"
"3615051","11271","2015-11-25 18:15:20"
"2066974","1719","2015-11-25 18:14:59"
"3615056","2951","2015-11-25 18:14:50"
"2066974","19903","2015-11-25 18:14:44"
"2066974","19194","2015-11-25 18:14:32"
"3615054","15330","2015-11-25 18:13:55"
"2066974","18931","2015-11-25 18:13:50"
"2066974","11790","2015-11-25 18:13:33"
"3615053","19549","2015-11-25 18:13:26"
"3603979","1410","2015-11-25 18:13:25"
"2066974","16058","2015-11-25 18:13:14"
"3615052","14274","2015-11-25 18:12:48"
"3615051","11271","2015-11-25 18:12:42"
"3615050","15518","2015-11-25 18:12:34"
"1604214","1605","2015-11-25 18:12:22"
"3188542","13732","2015-11-25 18:12:20"
"508955","18076","2015-11-25 18:12:16"
"3615049","11891","2015-11-25 18:11:37"
"2066974","14015","2015-11-25 18:11:29"
"2066974","15412","2015-11-25 18:11:29"
"2066974","19340","2015-11-25 18:11:06"
"2066974","12376","2015-11-25 18:11:00"
"3615048","11982","2015-11-25 18:10:42"
"3615048","9788","2015-11-25 18:10:42"
"2066974","13867","2015-11-25 18:10:34"
"3614336","9424","2015-11-25 18:10:31"
"1823112","20885","2015-11-25 18:10:26"
"2316636","11851","2015-11-25 18:10:01"
"3133508","12476","2015-11-25 18:09:59"
"3615046","20885","2015-11-25 18:09:39"
"3615045","20716","2015-11-25 18:09:27"
"2066974","17994","2015-11-25 18:09:13"
"508955","20031","2015-11-25 18:09:06"
"2066974","14931","2015-11-25 18:08:59"
"2066974","20515","2015-11-25 18:08:39"
"2066974","13031","2015-11-25 18:08:08"
"3615044","13005","2015-11-25 18:08:04"
"3133503","12476","2015-11-25 18:08:00"
"2066974","17208","2015-11-25 18:07:39"
"2066974","16946","2015-11-25 18:07:29"
"2683810","14274","2015-11-25 18:07:21"
"3615042","20005","2015-11-25 18:07:07"
"3615041","7563","2015-11-25 18:07:02"
"2066974","10748","2015-11-25 18:06:58"
"508955","11598","2015-11-25 18:06:55"
"3615040","12009","2015-11-25 18:06:54"
"2066974","12709","2015-11-25 18:06:45"
"2066974","16716","2015-11-25 18:06:39"
"2066974","20869","2015-11-25 18:06:37"
"3615039","13836","2015-11-25 18:06:33"
"3615039","13993","2015-11-25 18:06:33"
"3305897","18144","2015-11-25 18:06:11"
"3615038","18189","2015-11-25 18:05:55"
"3564288","7687","2015-11-25 18:05:53"
"1733627","9363","2015-11-25 18:05:43"
"1733627","13311","2015-11-25 18:05:43"
"605275","1992","2015-11-25 18:05:22"
"1563889","15652","2015-11-25 18:05:18"
"3615037","11079","2015-11-25 18:05:16"
"3615021","17974","2015-11-25 18:05:06"
"3615036","15552","2015-11-25 18:05:05"
"2066974","12135","2015-11-25 18:04:43"
"3613876","12106","2015-11-25 18:03:53"
"2066974","17694","2015-11-25 18:03:50"
"3615033","11155","2015-11-25 18:03:43"
"508955","12228","2015-11-25 18:03:43"
"3615032","20492","2015-11-25 18:03:32"
"2066974","17881","2015-11-25 18:03:04"
"3133499","12476","2015-11-25 18:02:17"
"3564288","7687","2015-11-25 18:02:01"
"2066974","14088","2015-11-25 18:01:57"
"2066974","15549","2015-11-25 18:01:43"
"3615029","15409","2015-11-25 18:01:22"
"2066974","13321","2015-11-25 18:01:21"
"3615028","15481","2015-11-25 18:01:08"
"3615027","12659","2015-11-25 18:00:51"
"3615027","12660","2015-11-25 18:00:51"
"3615026","21246","2015-11-25 18:00:49"
"3615025","20118","2015-11-25 18:00:44"
"2066974","20363","2015-11-25 18:00:02"
"2066974","4490","2015-11-25 17:59:36"
"3615023","11749","2015-11-25 17:59:34"
"2066974","18531","2015-11-25 17:59:14"
"2066974","13321","2015-11-25 17:59:04"
"3615022","19563","2015-11-25 17:58:34"
"3317891","2329","2015-11-25 17:58:34"
"2066974","15470","2015-11-25 17:58:33"
"2066974","20895","2015-11-25 17:58:26"
"2066974","15151","2015-11-25 17:58:26"
"2066974","2329","2015-11-25 17:57:48"
"2836005","21469","2015-11-25 17:57:34"
"3615020","19565","2015-11-25 17:57:22"
"2066974","12376","2015-11-25 17:57:10"
"2066974","2329","2015-11-25 17:57:04"
"2066974","15814","2015-11-25 17:56:45"
"1527404","11336","2015-11-25 17:56:30"
"508955","18189","2015-11-25 17:56:27"
"2066974","18596","2015-11-25 17:55:56"
"1080525","13794","2015-11-25 17:55:53"
"2066974","15250","2015-11-25 17:55:45"
"2066974","13417","2015-11-25 17:55:45"
"3615017","20885","2015-11-25 17:55:27"
"3615019","12472","2015-11-25 17:55:27"
"3154145","4472","2015-11-25 17:55:26"
"3615018","11466","2015-11-25 17:55:21"
"1281790","20885","2015-11-25 17:55:15"
"3615017","20885","2015-11-25 17:55:01"
"2066974","11087","2015-11-25 17:54:49"
"2066974","13417","2015-11-25 17:54:44"
"2066974","15250","2015-11-25 17:54:44"
"2066974","17208","2015-11-25 17:54:35"
"3615015","11245","2015-11-25 17:54:29"
"2987871","8371","2015-11-25 17:54:07"
"3615014","11271","2015-11-25 17:53:46"
"3317891","2329","2015-11-25 17:53:28"
"2066974","13920","2015-11-25 17:53:20"
"2066974","2981","2015-11-25 17:53:20"
"2066974","20429","2015-11-25 17:53:14"
"2066974","20115","2015-11-25 17:53:11"
"2987871","8371","2015-11-25 17:52:58"
"3615013","11241","2015-11-25 17:52:48"
"2066974","15749","2015-11-25 17:52:39"
"2066974","12580","2015-11-25 17:52:39"
"3599296","11241","2015-11-25 17:52:38"
"2066974","20429","2015-11-25 17:52:11"
"3564288","11358","2015-11-25 17:52:05"
"2066974","14248","2015-11-25 17:52:03"
"3615012","8797","2015-11-25 17:51:51"
"2987871","8371","2015-11-25 17:51:42"
"3615011","12084","2015-11-25 17:51:39"
"3615010","20190","2015-11-25 17:51:30"
"403496","20885","2015-11-25 17:51:27"
"3615008","9467","2015-11-25 17:51:20"
"366429","11180","2015-11-25 17:51:16"
"2066974","11878","2015-11-25 17:50:58"
"2990586","11242","2015-11-25 17:50:35"
"3615007","7787","2015-11-25 17:50:27"
"3615006","13547","2015-11-25 17:50:03"
"2066974","20429","2015-11-25 17:49:13"
"3615004","11271","2015-11-25 17:48:59"
"2066974","15300","2015-11-25 17:48:49"
"3615003","11242","2015-11-25 17:48:45"
"3615002","11241","2015-11-25 17:48:45"
"3615001","9424","2015-11-25 17:48:34"
"3615000","13824","2015-11-25 17:48:21"
"2066974","11763","2015-11-25 17:48:06"
"3614998","11241","2015-11-25 17:47:56"
"1540983","12323","2015-11-25 17:47:43"
"3614997","11241","2015-11-25 17:47:35"
"3614996","11241","2015-11-25 17:47:24"
"3614995","7837","2015-11-25 17:47:23"
"3614994","13311","2015-11-25 17:47:12"
"3564288","11358","2015-11-25 17:47:12"
"2066974","19806","2015-11-25 17:46:54"
"3614993","11982","2015-11-25 17:46:54"
"2066974","12053","2015-11-25 17:46:34"
"3614992","15401","2015-11-25 17:46:32"
"3603979","2997","2015-11-25 17:45:39"
"2066974","20397","2015-11-25 17:45:37"
"3614991","12204","2015-11-25 17:45:33"
"3614991","12003","2015-11-25 17:45:33"
"2066974","14203","2015-11-25 17:45:27"
"3614990","12619","2015-11-25 17:45:20"
"3614989","11180","2015-11-25 17:45:12"
"2066974","21290","2015-11-25 17:44:51"
"2066974","13964","2015-11-25 17:44:23"
"2066974","14203","2015-11-25 17:44:13"
"2066974","13115","2015-11-25 17:44:09"
"403496","20885","2015-11-25 17:44:08"
"2066974","12694","2015-11-25 17:43:56"
"2066974","19886","2015-11-25 17:43:56"
"2066974","4689","2015-11-25 17:43:53"
"3614987","16192","2015-11-25 17:43:38"
"3614987","15504","2015-11-25 17:43:38"
"3614986","17161","2015-11-25 17:43:28"
"3614970","13504","2015-11-25 17:43:20"
"3607909","14663","2015-11-25 17:43:20"
"2066974","12439","2015-11-25 17:42:57"
"3614985","15549","2015-11-25 17:42:57"
"3614984","15351","2015-11-25 17:42:47"
"2066974","17305","2015-11-25 17:42:46"
"434351","12531","2015-11-25 17:42:35"
"434351","12531","2015-11-25 17:42:33"
"3614980","13547","2015-11-25 17:42:32"
"3614982","17490","2015-11-25 17:42:30"
"3614982","14051","2015-11-25 17:42:30"
"3614981","11271","2015-11-25 17:42:14"
"2066974","19009","2015-11-25 17:42:04"
"2066974","7787","2015-11-25 17:41:56"
"1408552","12093","2015-11-25 17:41:53"
"3614956","2950","2015-11-25 17:41:32"
"2066974","19886","2015-11-25 17:41:30"
"2066974","12841","2015-11-25 17:41:30"
"3614979","20634","2015-11-25 17:41:06"
"3614979","20634","2015-11-25 17:41:03"
"3614972","15365","2015-11-25 17:40:59"
"3614978","20397","2015-11-25 17:40:55"
"3608558","15549","2015-11-25 17:40:49"
"2066974","11650","2015-11-25 17:40:39"